firstName,lastName,email,phone,address,creditCardCardNumber,creditCardExpiremonth,creditCardExpireyear,plan,creditCardName,creditCardCcv,make,model,plateNumber
Belva,Flahy,bflahy0@harvard.edu,6781948292,060 Hudson Pass,3577613246379405,11,2026,premium,Belva Flahy,608,Chrysler,Crossfire Roadster,Q8CWDD
Sherlock,Caghan,scaghan1@toplist.cz,7963984092,048 Warrior Terrace,201659430465039,1,2022,basic,Sherlock Caghan,677,Mitsubishi,Outlander,LLLERB
Geralda,Hacquoil,ghacquoil2@techcrunch.com,1498408135,0 Pleasure Center,3573110746644135,1,2021,basic,Geralda Hacquoil,955,GMC,1500 Club Coupe,M5LC8T
Thomasina,Tomaino,ttomaino3@msu.edu,4647851207,24331 Ohio Street,5535239249425395,5,2026,premium,Thomasina Tomaino,919,Pontiac,Firebird,QVU7MF
Maisey,O'Hanlon,mohanlon4@un.org,7449878308,714 Kings Alley,4175007056239300,12,2021,premium,Maisey O'Hanlon,447,Chevrolet,Express 2500,3MNPJ8
Rebeka,Valek,rvalek5@businesswire.com,9106964342,80424 Tennessee Way,3572546570550669,8,2019,premium,Rebeka Valek,158,Mazda,MX-5,97ZEF0
Magdalene,Ricardet,mricardet6@berkeley.edu,6401457194,03 Hoffman Drive,201839264255280,1,2022,premium,Magdalene Ricardet,436,Dodge,Ram 1500,62U837
Rees,Taberner,rtaberner7@thetimes.co.uk,6879969725,84 Stone Corner Park,5893252524961747091,11,2021,premium,Rees Taberner,411,Isuzu,Trooper,CNYLB4
Bernhard,Willarton,bwillarton8@ebay.com,1053719551,0 Center Drive,3572329812012073,2,2027,premium,Bernhard Willarton,873,Ford,Taurus,FYBOJQ
Waly,Klos,wklos9@sphinn.com,1276414599,6633 Clyde Gallagher Court,3544982791494780,2,2020,basic,Waly Klos,774,Nissan,350Z,K0CE69
Pauly,Killeley,pkilleleya@skyrock.com,2707427773,7 Jackson Junction,4911042628767917,2,2027,premium,Pauly Killeley,780,Jeep,Cherokee,TIZ7CJ
Paton,Lodin,plodinb@symantec.com,2884511757,0 Shopko Circle,4017957844126353,3,2026,basic,Paton Lodin,365,Ford,Taurus,ZVINNU
Rufe,Barling,rbarlingc@1688.com,1555279849,72957 Pawling Center,4041372893693,11,2025,basic,Rufe Barling,589,Rolls-Royce,Phantom,VBO4D2
Willabella,Turone,wturoned@spiegel.de,4611100296,6941 Marquette Place,5423234895718305,11,2021,basic,Willabella Turone,154,Land Rover,LR2,H2Y7P2
Jud,Borles,jborlese@hugedomains.com,9247534998,8284 Spohn Court,5602220222894144,2,2027,premium,Jud Borles,925,Honda,CR-V,P1P1WS
Andriana,Dyhouse,adyhousef@pbs.org,1845719831,48694 Roth Avenue,3561220357036713,2,2022,premium,Andriana Dyhouse,832,GMC,Envoy,P9UERX
Karyl,Swaite,kswaiteg@constantcontact.com,4074497008,5 Graceland Way,4017953070521,3,2024,premium,Karyl Swaite,604,Audi,Coupe GT,E4JGY9
Flynn,Mosley,fmosleyh@answers.com,9627253484,37 Maple Wood Trail,6304171923469992,1,2026,premium,Flynn Mosley,564,Dodge,Stratus,JKQ4XD
Glenda,Epilet,gepileti@google.com.au,4502296739,5 Doe Crossing Trail,5007662160346044,8,2023,premium,Glenda Epilet,193,Lotus,Elise,SJ5H1I
Em,Blacker,eblackerj@tiny.cc,7404547791,22 Butternut Terrace,3573191755245865,5,2021,basic,Em Blacker,141,Infiniti,IPL G,4KG18F
Cristionna,Hovington,chovingtonk@narod.ru,8352605103,0617 Shopko Avenue,201875264552565,9,2020,premium,Cristionna Hovington,907,GMC,3500,LOOS1K
Somerset,Chawner,schawnerl@microsoft.com,4885143619,6 Bashford Road,5641820436768322224,11,2023,premium,Somerset Chawner,845,Buick,LeSabre,YLIATL
Joya,Matejovsky,jmatejovskym@shinystat.com,3655840713,7136 Claremont Drive,201937108091034,10,2025,basic,Joya Matejovsky,590,Morgan,Aero 8,3ZT7VQ
Wakefield,Fores,wforesn@printfriendly.com,6702952305,882 Debra Park,3586299001560485,5,2027,basic,Wakefield Fores,833,Lexus,LS,M551NC
Thorpe,Stefi,tstefio@godaddy.com,2107152659,5954 Forster Court,3539257872250147,1,2022,basic,Thorpe Stefi,444,Acura,TL,Y7YWNS
Dorolice,Reedyhough,dreedyhoughp@europa.eu,7987518392,224 Dennis Pass,5602214429263021,10,2019,basic,Dorolice Reedyhough,987,Hummer,H2,CAT4SG
Locke,Ickowics,lickowicsq@simplemachines.org,2632366389,9226 Commercial Park,3549670516223056,7,2022,basic,Locke Ickowics,581,Toyota,Prius,6HEUVO
Howard,Deware,hdewarer@1und1.de,3503996762,505 Hansons Circle,6759068629481813681,3,2020,premium,Howard Deware,184,Mercedes-Benz,C-Class,H79SO1
Winnifred,Gabler,wgablers@usda.gov,3534121200,8725 Badeau Park,3535481564696698,5,2025,premium,Winnifred Gabler,911,Nissan,240SX,DCCY0Y
Saraann,Stritton,sstrittont@flickr.com,8309701194,21 Roth Hill,6706853397593780376,7,2021,premium,Saraann Stritton,354,Dodge,Dakota Club,0VQCXZ
Maxi,Fawckner,mfawckneru@fotki.com,8465565171,4 Pierstorff Parkway,3535665720890589,4,2025,premium,Maxi Fawckner,301,Audi,Coupe GT,ZJM2O0
Seamus,Caddan,scaddanv@a8.net,6161633643,28 Lyons Place,3588912942543612,9,2019,premium,Seamus Caddan,373,Mercedes-Benz,C-Class,ZPKTNZ
Mendel,Knevit,mknevitw@si.edu,9818117410,7 Tomscot Drive,4405648885323351,4,2026,basic,Mendel Knevit,678,Dodge,Caravan,W56LOM
Hali,Carlone,hcarlonex@elpais.com,9273341805,03666 Forest Dale Crossing,5460238407150141,2,2025,basic,Hali Carlone,634,Dodge,Grand Caravan,DK985S
Lia,Benneton,lbennetony@hatena.ne.jp,3186883077,40828 Maple Lane,6377820787555013,4,2024,basic,Lia Benneton,168,Hyundai,Santa Fe,SZYKKM
Verney,Shoosmith,vshoosmithz@blog.com,4553387997,255 Stone Corner Drive,6706339663196749355,7,2020,basic,Verney Shoosmith,507,Volkswagen,Jetta,EDLA2T
Erminia,Crisford,ecrisford10@gov.uk,6158854761,179 Larry Crossing,50182530716056818,12,2024,basic,Erminia Crisford,406,Volkswagen,Jetta,U91UQO
Lari,Hawford,lhawford11@free.fr,2586815543,88 Fieldstone Point,4041379161463048,8,2026,premium,Lari Hawford,575,Suzuki,Grand Vitara,NDS2PQ
Filippo,Heinke,fheinke12@ibm.com,8188185150,0 Bunting Parkway,374288330950212,10,2025,premium,Filippo Heinke,341,GMC,Savana 3500,UQ3IAJ
Leonelle,Leif,lleif13@hubpages.com,8359375617,79 Claremont Trail,3576301500175229,4,2021,basic,Leonelle Leif,913,Volkswagen,Eos,LELVYH
Dayna,Cownden,dcownden14@virginia.edu,8153006154,256 Rieder Court,3567832386797679,11,2021,basic,Dayna Cownden,625,Acura,TL,SCC644
Carlee,Clemente,cclemente15@europa.eu,7961083381,3066 Dottie Hill,5002355626075159,3,2021,premium,Carlee Clemente,139,Infiniti,QX,P48ANK
Danyelle,Aldiss,daldiss16@sphinn.com,4034115079,448 Golf View Way,4041592035760,4,2019,basic,Danyelle Aldiss,895,Pontiac,Firebird,BA5EF1
Lodovico,Treagus,ltreagus17@theatlantic.com,9385492842,7510 Mcguire Point,4512190412049,5,2023,basic,Lodovico Treagus,723,Lexus,SC,0N3Q27
Willow,Dimitriades,wdimitriades18@whitehouse.gov,4473356536,5905 Bonner Center,5602235006068087,11,2021,premium,Willow Dimitriades,319,Ford,Flex,BP24IL
Towney,Wife,twife19@reverbnation.com,4121483651,29034 Northridge Pass,3561780134383373,3,2025,premium,Towney Wife,150,Pontiac,Grand Prix,ZY6WAO
Hilario,Ailward,hailward1a@ehow.com,8596407929,14 Continental Circle,490337669216020908,7,2024,premium,Hilario Ailward,747,Toyota,MR2,MBK2JV
Hildegaard,Fahey,hfahey1b@naver.com,8928884878,04 Division Drive,3574461236117978,9,2024,premium,Hildegaard Fahey,699,GMC,Vandura 2500,QP3DGF
Grace,Sherar,gsherar1c@hibu.com,2028714295,959 Crowley Road,3577662280603014,4,2025,basic,Grace Sherar,684,Isuzu,Ascender,XMJQ89
Ruy,Griswaite,rgriswaite1d@people.com.cn,7275746939,746 Raven Lane,36812720361035,6,2022,basic,Ruy Griswaite,607,Subaru,Impreza,8OS0IM
Art,Heustice,aheustice1e@go.com,8622368724,961 Roth Road,4905244254701263,9,2019,basic,Art Heustice,269,Jeep,Compass,OF2M1P
Sallie,Nolda,snolda1f@merriam-webster.com,3333831538,8347 Waywood Plaza,5602240918266548,2,2021,premium,Sallie Nolda,869,Mitsubishi,Tredia,WLYJEE
Friederike,Vernham,fvernham1g@theglobeandmail.com,9937767446,020 Manufacturers Parkway,5048372800397628,5,2023,premium,Friederike Vernham,904,Kia,Optima,G9ZSMF
Alfons,Daniel,adaniel1h@clickbank.net,8496556448,1893 Sunfield Avenue,3548752429505547,3,2026,premium,Alfons Daniel,809,Mercedes-Benz,600SEL,TRU8FB
Carling,Carthy,ccarthy1i@mapquest.com,6664229134,71 David Place,6384044288523682,5,2024,premium,Carling Carthy,274,Volkswagen,Golf III,JUFMGI
Fanny,Weeds,fweeds1j@sphinn.com,5147666952,2 Heffernan Center,201784750880722,7,2024,basic,Fanny Weeds,809,Toyota,Solara,G4033J
Jayme,Burdess,jburdess1k@dailymotion.com,5059673995,5987 Surrey Alley,4026811558309979,4,2025,premium,Jayme Burdess,809,Chevrolet,1500,HA43UB
Julio,Coaster,jcoaster1l@hatena.ne.jp,1898369409,898 Carpenter Street,5602235744815849,4,2025,premium,Julio Coaster,403,Mitsubishi,Raider,8AWEQ0
Ailsun,Kornes,akornes1m@dyndns.org,2511574508,48325 Birchwood Junction,201505430028246,9,2022,premium,Ailsun Kornes,143,Audi,A4,U5G13O
Wilie,Rankine,wrankine1n@linkedin.com,5218266915,7 Magdeline Hill,4405580711196877,7,2025,basic,Wilie Rankine,684,Infiniti,EX,0ANZGD
Salim,Davidzon,sdavidzon1o@nymag.com,2791849772,8204 Norway Maple Court,5602225795407109,1,2021,basic,Salim Davidzon,398,Toyota,Solara,ENY621
Violette,Trevance,vtrevance1p@harvard.edu,6798269664,2052 Menomonie Center,36742555683668,10,2027,premium,Violette Trevance,603,Oldsmobile,Bravada,3GIL9U
Dickie,Donoghue,ddonoghue1q@theglobeandmail.com,9861998018,4217 Park Meadow Alley,6762496358222139885,2,2026,premium,Dickie Donoghue,229,Lexus,IS,5ALFO6
Freedman,Elston,felston1r@amazon.com,7235628034,23468 Shopko Point,5100174961294643,10,2021,premium,Freedman Elston,341,Toyota,Solara,2PK3PO
Natassia,McAmish,nmcamish1s@yahoo.com,2731651469,146 Steensland Pass,4508863457380780,4,2026,basic,Natassia McAmish,192,Suzuki,Grand Vitara,QT8O9G
Warner,Greatbanks,wgreatbanks1t@gov.uk,9263749283,1791 Lawn Terrace,67710349537805989,10,2025,premium,Warner Greatbanks,755,Volkswagen,Passat,1F9HO6
Asia,McCarle,amccarle1u@bigcartel.com,5568664940,09666 Hansons Crossing,4917799920459170,4,2019,basic,Asia McCarle,883,BMW,7 Series,WMD2V1
Dania,Labram,dlabram1v@friendfeed.com,3905018330,1 Lotheville Circle,3581276442036783,10,2026,basic,Dania Labram,113,Mitsubishi,Pajero,TXVMDT
Trenton,Sandiford,tsandiford1w@google.nl,3855884469,4 Hooker Trail,3546011771965706,9,2022,basic,Trenton Sandiford,418,Scion,tC,S8VUA9
Timothee,Lawland,tlawland1x@sciencedaily.com,4433860913,385 Ilene Terrace,670626563263382559,1,2019,basic,Timothee Lawland,770,Ford,Festiva,2EDUXQ
Hamid,Etchingham,hetchingham1y@wikispaces.com,1507315251,2852 Hanover Drive,6397947813601374,3,2020,basic,Hamid Etchingham,356,Cadillac,Eldorado,QOPSC4
Salomo,Markushkin,smarkushkin1z@ted.com,9983097609,68 Schiller Alley,3534136128005338,12,2021,premium,Salomo Markushkin,962,Lotus,Elan,LNV2XB
Joela,Lait,jlait20@nih.gov,9788534736,26 Goodland Center,3585781074471857,12,2023,premium,Joela Lait,805,Toyota,Tercel,2IDBU0
Jody,Ziem,jziem21@over-blog.com,5502929217,5914 Fair Oaks Way,3581171752315192,2,2024,basic,Jody Ziem,734,Chevrolet,Tracker,XS4PDT
Alonso,Speariett,aspeariett22@privacy.gov.au,5808836368,0395 Ridgeview Hill,5602229225803218,7,2025,premium,Alonso Speariett,976,Buick,Enclave,0PGNXV
Guthrey,Sultan,gsultan23@businessweek.com,7633292061,2 Mayfield Road,201766534851780,10,2020,basic,Guthrey Sultan,944,Oldsmobile,Intrigue,559QHU
Findlay,Szreter,fszreter24@exblog.jp,1909617542,6727 Veith Circle,3557253930017138,11,2024,premium,Findlay Szreter,180,Nissan,300ZX,KVE9QD
Fey,Wearing,fwearing25@networksolutions.com,5706117570,95 Hoepker Junction,67617673864113624,1,2025,premium,Fey Wearing,228,Lamborghini,Diablo,60X0PT
Shandra,Gabala,sgabala26@yellowpages.com,7345371839,029 Bunting Street,5100146122359275,11,2026,premium,Shandra Gabala,815,Infiniti,Q,ZHR37H
Ernestus,Rawle,erawle27@gnu.org,9578146736,54533 Holmberg Avenue,5602230262578069,8,2026,premium,Ernestus Rawle,952,Chevrolet,Caprice,UPAEYB
Ardelia,Feake,afeake28@gravatar.com,8663331828,7725 Commercial Drive,5641828609069263,12,2025,basic,Ardelia Feake,820,Lamborghini,Diablo,1SAM0U
Ricky,Yukhnov,ryukhnov29@topsy.com,7782828264,101 Clyde Gallagher Alley,374622033585141,8,2020,basic,Ricky Yukhnov,228,Ford,E-Series,KXI8L1
Lutero,Peddel,lpeddel2a@wikispaces.com,3588245506,18 Prairieview Place,5100172071420322,2,2023,basic,Lutero Peddel,572,Toyota,Venza,CUTGOR
Verna,Ridesdale,vridesdale2b@utexas.edu,9329814981,05304 Nevada Lane,3545129448740384,11,2020,premium,Verna Ridesdale,523,BMW,Z8,19CRDY
Preston,Hasley,phasley2c@imageshack.us,8597557464,098 Basil Circle,5100138449857495,8,2024,basic,Preston Hasley,580,GMC,Yukon XL 2500,8XNLIO
Elihu,Lindsley,elindsley2d@answers.com,1502730494,4942 Waxwing Park,3537747287733325,5,2022,basic,Elihu Lindsley,537,Dodge,Dakota Club,G7EXLN
Kirstin,Chesnut,kchesnut2e@msu.edu,5031173834,8648 2nd Drive,3554330982697695,6,2022,basic,Kirstin Chesnut,960,Mercury,Marquis,GAFG5J
Veriee,Emanson,vemanson2f@facebook.com,1526735587,2 Canary Alley,3584825512139799,11,2025,premium,Veriee Emanson,508,Buick,Park Avenue,84AFRY
Henryetta,Spindler,hspindler2g@imageshack.us,8606123499,454 Tennessee Center,060412020000632582,3,2025,basic,Henryetta Spindler,160,Mercury,Sable,JZ6B46
Wynn,Mickleborough,wmickleborough2h@deviantart.com,5626034791,19121 Grayhawk Parkway,4041378162325,6,2023,basic,Wynn Mickleborough,684,Lamborghini,Gallardo,ZCY1CI
Kaile,Reside,kreside2i@blogtalkradio.com,7403953290,552 Pawling Lane,4911728376934410563,3,2022,basic,Kaile Reside,964,Rolls-Royce,Phantom,OKCOER
Diego,Pardie,dpardie2j@google.com.hk,7881804507,0832 Clyde Gallagher Circle,3579338134142131,6,2024,basic,Diego Pardie,432,Mercury,Cougar,IPDCF9
Isidora,Robinson,irobinson2k@goo.ne.jp,6832373218,72 Farmco Street,372301069158980,7,2024,basic,Isidora Robinson,302,Dodge,Intrepid,EJE3JU
Skipton,Faveryear,sfaveryear2l@ucla.edu,2715554276,66581 Cascade Plaza,3540415411327134,7,2026,premium,Skipton Faveryear,146,Lincoln,Town Car,W0WMA8
Merell,McPaik,mmcpaik2m@google.cn,8632872548,39 Sutherland Hill,5100138725799940,9,2019,basic,Merell McPaik,358,Saturn,Ion,KJHB2B
Loutitia,Folan,lfolan2n@cnet.com,6196206870,5478 Logan Hill,30576131659982,2,2027,basic,Loutitia Folan,672,Ford,Mustang,O1Q3OS
Aldis,Leethem,aleethem2o@live.com,4694863371,65 Waxwing Road,30072006686599,12,2020,basic,Aldis Leethem,821,Chrysler,Fifth Ave,CIQVFY
Sheena,Belison,sbelison2p@livejournal.com,4548230976,8 Victoria Pass,3543912439852090,11,2026,basic,Sheena Belison,772,Mitsubishi,Galant,GV4ZS2
Meg,Shore,mshore2q@usatoday.com,3866951538,759 School Circle,3584648081631032,6,2023,basic,Meg Shore,777,Scion,xB,XYD721
Sanderson,Surgey,ssurgey2r@istockphoto.com,3701174555,18503 Twin Pines Road,30516067351584,3,2020,premium,Sanderson Surgey,867,Mazda,Familia,CEB9T3
