firstName,lastName,email,workingRange,phone,accountNumber,abn,bsb
Jacintha,Orts,jorts0@t-online.de,10789,3248845526,767556962,72297636681,485089
Iain,Pert,ipert1@slate.com,12924,1106973447,385982682,74118035553,189771
Jessi,Spedroni,jspedroni2@youtu.be,12252,6793663537,551417091,34903115094,354471
Abigail,Bulled,abulled3@bigcartel.com,11068,1851814231,194696391,79901866446,176111
Augy,Gleadhell,agleadhell4@apple.com,11624,4562402854,439089913,25684426980,135851
Constantin,Canning,ccanning5@wikia.com,13332,5752242331,064638485,80362217972,073850
Peggi,Broggini,pbroggini6@wisc.edu,13650,2056087235,644831621,44500214388,250792
Kerrie,Chable,kchable7@washington.edu,10661,2345655635,358455852,60860456039,772370
Jilly,Joddens,jjoddens8@so-net.ne.jp,6240,6414095243,820850097,48199653466,338480
Brenden,Ridger,bridger9@mozilla.org,9514,1008598769,740729117,84033574168,501651
Fairlie,Skechley,fskechleya@sogou.com,8364,1468531293,189878507,67961985768,404477
Augie,Deackes,adeackesb@1688.com,9678,4727453395,544747187,93637565932,306003
Todd,Paten,tpatenc@freewebs.com,5543,9062110438,616380583,42024578974,568206
Elysee,Haselden,ehaseldend@desdev.cn,13422,3121254279,581916864,76038220757,717782
Arlen,Husk,ahuske@army.mil,7950,7832894566,876403995,17961002675,419834
Meridith,Timmins,mtimminsf@home.pl,5958,1272261944,468767835,89294342448,450495
Kendra,Quinet,kquinetg@delicious.com,13481,7143913524,160062354,75140458758,004786
Gus,Rodolphe,grodolpheh@altervista.org,8599,2332847701,816315348,54964817922,587267
Lindy,Dillingstone,ldillingstonei@csmonitor.com,3891,1155983284,776552497,53099805159,468648
Stefano,Le Barr,slebarrj@berkeley.edu,8219,3684748355,949104318,57645414824,423404
Katerina,McArte,kmcartek@washington.edu,6901,4622176436,327747149,93047659660,623028
Rafaello,Brisson,rbrissonl@ibm.com,6723,5399581151,723309087,28076034538,589649
Crissie,Josefsson,cjosefssonm@pbs.org,11394,2338081447,912439121,55878431461,224344
Patric,Ewence,pewencen@blogger.com,13124,9457088903,761337133,39146707009,946595
Sunny,Soame,ssoameo@eventbrite.com,12302,4644437339,813125259,85715904554,029683
Tobi,Kunneke,tkunnekep@fc2.com,9008,4408003962,271946747,21407683314,325613
Pablo,Bartalucci,pbartalucciq@imgur.com,3521,9934298543,960780732,90642540545,695219
Gabby,Palffy,gpalffyr@fda.gov,7900,2752093737,744906980,84509404172,054143
Thorpe,felip,tfelips@over-blog.com,14384,3101142333,890672835,06898258651,317395
Janelle,Scotfurth,jscotfurtht@sphinn.com,8984,4934227557,602641813,14860153880,715216
Kilian,Arber,karberu@wikispaces.com,6091,1413622468,020786378,70401630801,276117
Milena,Tremberth,mtremberthv@cnbc.com,13316,4588726362,561204401,20271984394,883285
Bobbie,Walentynowicz,bwalentynowiczw@umn.edu,10253,1577771228,729185714,48610074222,035484
Clint,Franzettoini,cfranzettoinix@hatena.ne.jp,7804,3572121655,892931867,93071686964,544971
Augustus,Smallacombe,asmallacombey@wix.com,5531,4676498813,127859246,87508645582,357703
Carleton,Urch,curchz@xinhuanet.com,8810,7958921512,778765537,00203438303,911296
Lil,Grzesiewicz,lgrzesiewicz10@blogtalkradio.com,5971,5749596833,417720739,98839988476,263139
Merrick,Jakab,mjakab11@wp.com,10270,7108762128,051075399,92966126391,253464
Lucille,McGaugey,lmcgaugey12@friendfeed.com,13226,6039023255,065292236,18290493256,646962
Gardie,Kleynermans,gkleynermans13@ihg.com,14870,1163623400,324151754,07361101205,436025
Kary,Borell,kborell14@addtoany.com,3958,8209510191,322475738,70505506765,270051
Thatch,Rozzier,trozzier15@feedburner.com,7713,3908922119,852008620,91168078845,323693
Gwenneth,Dudley,gdudley16@e-recht24.de,8197,7239857919,171525518,13636938896,157183
Errick,Pettendrich,epettendrich17@spiegel.de,8503,1317870220,744703443,28428147591,856165
Alikee,Ottewill,aottewill18@uiuc.edu,11421,4696254251,529676581,58910826217,470133
Ramsay,Reye,rreye19@soundcloud.com,12919,4449240013,697230570,33966346102,936467
Roderich,Elvidge,relvidge1a@wp.com,3712,4485537368,484067709,04847567169,000151
Hobart,Kear,hkear1b@economist.com,3681,8122399287,139073246,42890173851,907621
Cherie,Dabell,cdabell1c@mozilla.org,13538,3874733256,487174586,51894163339,873951
Christiana,Beatey,cbeatey1d@360.cn,5993,4042358083,049428367,97772451863,885993
Raf,Tutchener,rtutchener1e@indiegogo.com,8692,7703505535,266103224,88872746479,202945
Hyatt,Beardsworth,hbeardsworth1f@live.com,3343,2695091785,127835367,60169891922,489721
Rice,Wassung,rwassung1g@w3.org,9036,2103918767,178063995,29327510646,403096
Basilio,Maltster,bmaltster1h@about.com,7019,1719983735,013273365,70131383798,659035
Edythe,McPhater,emcphater1i@washingtonpost.com,4758,9568459781,284770495,99446067972,413654
Stephie,Breznovic,sbreznovic1j@smh.com.au,7413,9218579236,654150896,17413449424,261255
Kari,Lacaze,klacaze1k@weebly.com,11492,4648432444,852983024,46353176397,982969
Kerwin,Biggs,kbiggs1l@telegraph.co.uk,12518,7018434594,258483850,96306228382,622167
Saudra,Fluger,sfluger1m@reuters.com,12234,3373209519,073910474,48929595807,169986
Anya,Tubble,atubble1n@gov.uk,13752,1596651126,217571661,73547533624,827962
Siffre,Joscelin,sjoscelin1o@unicef.org,2171,8734104703,872460382,37597018300,053631
Saw,Kiddie,skiddie1p@europa.eu,7863,3555135418,671970656,84066509996,867607
Carey,Rhoddie,crhoddie1q@nps.gov,4110,2343490645,474949820,80119435594,402853
Flss,Heaton,fheaton1r@parallels.com,12272,2499396583,167529084,54527221132,531675
Cortney,Baxstair,cbaxstair1s@berkeley.edu,6081,8164977772,409675663,28985855831,564805
Emmery,Vise,evise1t@shinystat.com,11439,7432656770,377629247,65754772948,602102
Alvira,Pickles,apickles1u@sbwire.com,3476,5874415290,739593187,89222298278,861939
Keene,Surmeir,ksurmeir1v@sina.com.cn,12582,5069452737,777096124,52606962597,476216
Robers,O'Donoghue,rodonoghue1w@angelfire.com,13625,2198957477,989505232,22180181204,880515
Tamiko,Shimwall,tshimwall1x@hostgator.com,9569,5085717790,312113642,47253245096,247527
Domeniga,Darlington,ddarlington1y@tmall.com,3920,4057413761,690888781,40344490800,377639
Kimmie,Bichener,kbichener1z@cnbc.com,10682,3466279606,642002306,71615216314,644491
Mikel,Keddy,mkeddy20@xinhuanet.com,13360,8927081670,870658980,76948891804,899010
Mattheus,Lafayette,mlafayette21@vimeo.com,6702,6757517762,313131574,38993629683,799795
Darnall,Rieflin,drieflin22@yandex.ru,11078,9356668680,850204741,22612538957,461622
Laughton,Fasset,lfasset23@shinystat.com,7219,1376576249,523931988,72227172026,055147
Kendra,Rominov,krominov24@ted.com,14697,2816320164,678967699,18165011327,909044
Olwen,Woodage,owoodage25@slashdot.org,13653,1788681768,296628782,12244979121,158615
Timmi,Zukerman,tzukerman26@lycos.com,4636,9127087224,707749387,41895649523,789419
Marty,Broadberrie,mbroadberrie27@wisc.edu,4163,2203473449,484125046,96896332395,388506
Yvonne,Yuill,yyuill28@weibo.com,10649,6478302641,334270929,60451025760,667215
Liliane,Klaus,lklaus29@fda.gov,10729,4546845376,811884090,72615116860,161255
Elyn,Rouch,erouch2a@chicagotribune.com,14416,1925574719,425709043,73882806470,648999
Caleb,Terrington,cterrington2b@webs.com,12756,2443987408,044973454,66984717878,393797
Melloney,Wandrey,mwandrey2c@liveinternet.ru,11166,6855908631,095491181,13275525150,836824
Burnard,Grunnell,bgrunnell2d@ucsd.edu,2596,2095405591,230310642,90371412910,382574
Silvio,Radke,sradke2e@pagesperso-orange.fr,3614,9489409952,538717085,63322519136,081389
Isiahi,Davidman,idavidman2f@nasa.gov,3741,1091789836,177886769,86381018382,001880
Jessica,Chisnell,jchisnell2g@usgs.gov,12860,1084046109,019674258,96713459954,177277
Merrill,Trevaskiss,mtrevaskiss2h@businessweek.com,12628,4901542148,071680220,54761884750,376009
Florie,Lamanby,flamanby2i@mayoclinic.com,13871,5914555641,771033238,78476097849,997438
Joeann,Capelle,jcapelle2j@digg.com,11219,2026793081,895051611,25020140707,098762
Ralina,Joselovitch,rjoselovitch2k@nasa.gov,2780,6667031029,793200455,53720076913,354885
Melita,Dahlbom,mdahlbom2l@army.mil,9594,3607782547,193980978,34941062293,179907
Scotty,Northleigh,snorthleigh2m@blog.com,3688,8321378225,199140086,72389906714,834652
Tootsie,Canlin,tcanlin2n@sphinn.com,6092,7649421300,152848944,60258184222,619264
Vance,Chaudhry,vchaudhry2o@friendfeed.com,13268,2714022364,494012607,13486900641,094980
Kirsti,Courtese,kcourtese2p@liveinternet.ru,8029,3208584496,616811400,12180141491,436487
Taite,Screach,tscreach2q@bandcamp.com,9754,8171120203,113597189,40516501722,377852
Crissy,Abilowitz,cabilowitz2r@independent.co.uk,9691,3236760927,466236616,97877034495,655614
